genome	label	ref_genes	pred_genes	ic_sn	ic_pr	ic_f1	ex_sn	ex_pr	ex_f1
Botrytis_cinerea_B05.10	src_GeneMark	5602	5750	78.53	76.50	77.50	73.28	71.39	72.32
Botrytis_cinerea_B05.10	src_AugustusAll	5602	4883	62.37	71.55	66.65	54.27	62.26	57.99
Botrytis_cinerea_B05.10	src_pasa	5602	4351	56.85	73.20	64.00	51.45	66.24	57.91
Botrytis_cinerea_B05.10	src_snap	5602	5743	37.84	36.91	37.37	33.70	32.87	33.28
Botrytis_cinerea_B05.10	orig_evm	5602	5708	81.56	80.05	80.80	77.22	75.79	76.50
Botrytis_cinerea_B05.10	orig_final	5602	5653	81.31	80.58	80.94	76.97	76.28	76.62
Botrytis_cinerea_B05.10	src_GeneMark	5602	5750	78.53	76.50	77.50	73.28	71.39	72.32
Botrytis_cinerea_B05.10	src_AugustusAll	5602	5196	73.63	79.39	76.40	66.53	71.73	69.03
Botrytis_cinerea_B05.10	src_pasa	5602	4351	56.85	73.20	64.00	51.45	66.24	57.91
Botrytis_cinerea_B05.10	src_snap	5602	5983	42.68	39.96	41.28	38.95	36.47	37.67
Botrytis_cinerea_B05.10	orig_evm	5602	5816	84.61	81.50	83.03	80.47	77.51	78.96
Botrytis_cinerea_B05.10	orig_final	5602	5763	84.38	82.02	83.19	80.24	78.00	79.10
Cryptococcus_neoformans_H99	src_GeneMark	2722	2658	68.96	70.62	69.78	63.12	64.64	63.87
Cryptococcus_neoformans_H99	src_AugustusAll	2722	2519	58.05	62.72	60.29	48.46	52.36	50.33
Cryptococcus_neoformans_H99	src_pasa	2722	2232	56.10	68.41	61.65	47.76	58.24	52.48
Cryptococcus_neoformans_H99	src_snap	2722	2573	24.69	26.12	25.38	21.79	23.05	22.40
Cryptococcus_neoformans_H99	orig_evm	2722	2728	78.25	78.08	78.17	71.71	71.55	71.63
Cryptococcus_neoformans_H99	orig_final	2722	2657	77.99	79.90	78.94	71.53	73.28	72.39
Cryptococcus_neoformans_H99	src_GeneMark	2722	2658	68.96	70.62	69.78	63.12	64.64	63.87
Cryptococcus_neoformans_H99	src_AugustusAll	2722	2679	70.43	71.56	70.99	61.32	62.30	61.80
Cryptococcus_neoformans_H99	src_pasa	2722	2232	56.10	68.41	61.65	47.76	58.24	52.48
Cryptococcus_neoformans_H99	src_snap	2722	2755	27.63	27.30	27.46	25.17	24.86	25.01
Cryptococcus_neoformans_H99	orig_evm	2722	2785	80.20	78.38	79.28	74.43	72.75	73.58
Cryptococcus_neoformans_H99	orig_final	2722	2712	79.87	80.16	80.01	74.21	74.48	74.35
