set	Augustus	HiQ	GeneMark	snap	pasa	proteins	transcripts
base	1	2	1	1	6	1	1
G0	1	2	0	1	6	1	1
G2	1	2	2	1	6	1	1
G3	1	2	3	1	6	1	1
G5	1	2	5	1	6	1	1
G8	1	2	8	1	6	1	1
A0	0	2	1	1	6	1	1
A2	2	2	1	1	6	1	1
A3	3	2	1	1	6	1	1
H1	1	1	1	1	6	1	1
H4	1	4	1	1	6	1	1
H8	1	8	1	1	6	1	1
S0	1	2	1	0	6	1	1
S2	1	2	1	2	6	1	1
P1	1	2	1	1	1	1	1
P3	1	2	1	1	3	1	1
P10	1	2	1	1	10	1	1
P15	1	2	1	1	15	1	1
Pr0	1	2	1	1	6	0	1
Pr2	1	2	1	1	6	2	1
Pr4	1	2	1	1	6	4	1
T0	1	2	1	1	6	1	0
T2	1	2	1	1	6	1	2
T4	1	2	1	1	6	1	4
G3_S0	1	2	3	0	6	1	1
G3_A2_H4	2	4	3	1	6	1	1
G5_H5_P10	1	5	5	1	10	1	1
G2_H4_P10_Pr2_T2	1	4	2	1	10	2	2
G3_Pr2_T2	1	2	3	1	6	2	2
r2_A1_H3_G2_P3	1	3	2	1	3	1	1
r2_A1_H3_G2_P4	1	3	2	1	4	1	1
r2_A1_H3_G2_P6	1	3	2	1	6	1	1
r2_A1_H4_G2_P3	1	4	2	1	3	1	1
r2_A1_H4_G2_P4	1	4	2	1	4	1	1
r2_A1_H4_G2_P6	1	4	2	1	6	1	1
r2_A1_H5_G2_P3	1	5	2	1	3	1	1
r2_A1_H5_G2_P4	1	5	2	1	4	1	1
r2_A1_H5_G2_P6	1	5	2	1	6	1	1
r2_A2_H3_G2_P3	2	3	2	1	3	1	1
r2_A2_H3_G2_P4	2	3	2	1	4	1	1
r2_A2_H3_G2_P6	2	3	2	1	6	1	1
r2_A2_H4_G2_P3	2	4	2	1	3	1	1
r2_A2_H4_G2_P4	2	4	2	1	4	1	1
r2_A2_H4_G2_P6	2	4	2	1	6	1	1
r2_A2_H5_G2_P3	2	5	2	1	3	1	1
r2_A2_H5_G2_P4	2	5	2	1	4	1	1
r2_A2_H5_G2_P6	2	5	2	1	6	1	1
r2_A1_H3_G3_P3	1	3	3	1	3	1	1
r2_A1_H3_G3_P4	1	3	3	1	4	1	1
r2_A1_H3_G3_P6	1	3	3	1	6	1	1
r2_A1_H4_G3_P3	1	4	3	1	3	1	1
r2_A1_H4_G3_P4	1	4	3	1	4	1	1
r2_A1_H4_G3_P6	1	4	3	1	6	1	1
r2_A1_H5_G3_P3	1	5	3	1	3	1	1
r2_A1_H5_G3_P4	1	5	3	1	4	1	1
r2_A1_H5_G3_P6	1	5	3	1	6	1	1
r2_A2_H3_G3_P3	2	3	3	1	3	1	1
r2_A2_H3_G3_P4	2	3	3	1	4	1	1
r2_A2_H3_G3_P6	2	3	3	1	6	1	1
r2_A2_H4_G3_P3	2	4	3	1	3	1	1
r2_A2_H4_G3_P4	2	4	3	1	4	1	1
r2_A2_H4_G3_P6	2	4	3	1	6	1	1
r2_A2_H5_G3_P3	2	5	3	1	3	1	1
r2_A2_H5_G3_P4	2	5	3	1	4	1	1
r2_A2_H5_G3_P6	2	5	3	1	6	1	1
r2_A1_H3_G4_P3	1	3	4	1	3	1	1
r2_A1_H3_G4_P4	1	3	4	1	4	1	1
r2_A1_H3_G4_P6	1	3	4	1	6	1	1
r2_A1_H4_G4_P3	1	4	4	1	3	1	1
r2_A1_H4_G4_P4	1	4	4	1	4	1	1
r2_A1_H4_G4_P6	1	4	4	1	6	1	1
r2_A1_H5_G4_P3	1	5	4	1	3	1	1
r2_A1_H5_G4_P4	1	5	4	1	4	1	1
r2_A1_H5_G4_P6	1	5	4	1	6	1	1
r2_A2_H3_G4_P3	2	3	4	1	3	1	1
r2_A2_H3_G4_P4	2	3	4	1	4	1	1
r2_A2_H3_G4_P6	2	3	4	1	6	1	1
r2_A2_H4_G4_P3	2	4	4	1	3	1	1
r2_A2_H4_G4_P4	2	4	4	1	4	1	1
r2_A2_H4_G4_P6	2	4	4	1	6	1	1
r2_A2_H5_G4_P3	2	5	4	1	3	1	1
r2_A2_H5_G4_P4	2	5	4	1	4	1	1
r2_A2_H5_G4_P6	2	5	4	1	6	1	1
