name	complete_genome	total_genome	complete_train	total_train	final_training_models
Aspergillus_nidulans_FGSC_A4	5383	7038	2873	3726	1160
Botrytis_cinerea_B05.10	7041	9017	3666	4666	1409
Cryptococcus_neoformans_H99	4611	5691	2227	2756	922
Neurospora_crassa_OR74A	3937	10177	2380	6186	874
Schizophyllum_commune_H4-8	696	6523	354	3328	284
Aureobasidium_pullulans_EXF-150	5443	7492	1889	2565	621
Malassezia_sympodialis_ATCC_42132	1733	2579	717	1069	273
Rhizopus_microsporus_ATCC_52813	3891	12500	1270	4018	526
Agaricus_bisporus_JB137-s8	5038	6723	1754	2301	733
Cordyceps_militaris_CM01	5762	8364	3018	4359	1055
Exophiala_xenobiotica_CBS_118157	482	9608	312	5816	225
Exophiala_mesophila_CBS_40295	3757	9284	1877	4652	627
Exophiala_viscosa_JF_03-3F	5297	5951	2536	2848	779
Aspergillus_heteromorphus_CBS_117.55	6560	9320	1604	2321	565
Radiomyces_spectabilis_NRRL_2753	6457	7783	3014	3625	1249
Suillus_discolor_FC423	7688	11546	1022	1391	388
Williopsis_jadinii_NRRL_Y-1542	2532	2911	656	736	281
Metschnikowia_bicuspidata_NRRL_YB-4993	2526	2925	1456	1682	253
Brettanomyces_bruxellensis_UCD_2041	3185	3952	1582	1953	620
Hyphopichia_burtonii_NRRL_Y-1933	3664	4354	1702	1998	597
Clavispora_lusitaniae_FDAARGOS_655	3491	4080	1713	1975	579
Naumovozyma_castellii_type_strain_CBS_4309	1998	8698	734	3286	175
Kluyveromyces_lactis_NRRL_Y-1140	2451	2552	1260	1303	532
Kuraishia_capsulata_CBS_1993	3605	4529	2026	2575	247
Henningerozyma_blattae_type_strain_CBS_6284	3654	4320	1506	1779	169
Saccharomyces_cerevisiae_S288C	3414	4229	763	933	392
Scheffersomyces_amazonensis_UFMG-HMD-26.3	3994	4798	1831	2187	410
Trametes_versicolor_FP-101664_SS1	2745	13782	1465	7530	601
Botrytis_deweyae_B1	3878	9322	1083	2593	395
Aspergillus_puulaauensis_MK2	6022	8417	3302	4519	1193
Penicillium_solitum_IBT_25940	5648	8752	3183	4913	1212
Pochonia_chlamydosporia_170	7614	12233	4189	6288	1408
Cokeromyces_recurvatus_NRRL_2243	6156	8175	1313	1763	543
Penicillium_oxalicum_HP7-1	5506	7020	2939	3709	1143
Aspergillus_thermomutatus_HMR_AF_39	6483	8153	436	525	333
Hypoxylon_fragiforme_CBS_206.31	7011	8108	3669	4265	1388
Colletotrichum_jinshuiense_EsH8	8326	10726	4317	5501	1536
Aspergillus_niger_CBS_101883	976	7782	309	2306	265
Penicillium_antarcticum_IBT_31339	3131	5539	1730	3071	670
Pseudozyma_hubeiensis_SY62	843	11028	141	1491	139
Cryptococcus_deneoformans_B-3501A	4518	5583	2216	2750	
