name	complete	complete_genome	final	pasa_locus	busco_locus	diff_locus	pasa_exon	busco_exon	diff_exon	pasa_intron_chain	busco_intron_chain	diff_intron_chain
Pseudozyma_hubeiensis_SY62	141	843	139	50.17	61.47	-11.30	43.32	49.63	-6.31	27.50	28.70	-1.20
Aspergillus_niger_CBS_101883	309	976	265	37.26	54.06	-16.79	48.13	65.57	-17.44	38.71	53.58	-14.87
Exophiala_xenobiotica_CBS_118157	312	482	225	54.90	69.10	-14.20	60.57	74.63	-14.06	51.88	63.77	-11.88
Schizophyllum_commune_H4-8	354	696	284	38.02	42.92	-4.90	68.87	74.39	-5.53	40.87	45.81	-4.94
Aspergillus_thermomutatus_HMR_AF_39	436	6483	333	65.74	62.89	2.85	78.45	76.56	1.90	62.25	58.93	3.32
Williopsis_jadinii_NRRL_Y-1542	656	2532	281	72.00	69.81	2.19	64.00	62.61	1.40	48.78	48.01	0.77
Malassezia_sympodialis_ATCC_42132	717	1733	273	34.30	32.09	2.21	32.75	31.88	0.88	18.46	16.45	2.02
Naumovozyma_castellii_type_strain_CBS_4309	734	1998	175	80.23	82.68	-2.44	73.19	75.53	-2.34	35.60	32.32	3.28
Saccharomyces_cerevisiae_S288C	763	3414	392	89.61	91.65	-2.04	86.25	88.60	-2.35	60.23	70.30	-10.06
Suillus_discolor_FC423	1022	7688	388	50.43	50.37	0.07	78.95	78.75	0.20	52.14	51.88	0.26
Botrytis_deweyae_B1	1083	3878	395	72.62	73.28	-0.66	81.91	82.66	-0.75	72.32	72.21	0.11
Kluyveromyces_lactis_NRRL_Y-1140	1260	2451	532	90.05	90.62	-0.58	86.95	87.32	-0.37	47.89	46.82	1.07
Rhizopus_microsporus_ATCC_52813	1270	3891	526	54.78	49.10	5.68	77.59	74.80	2.79	55.80	50.63	5.17
Cokeromyces_recurvatus_NRRL_2243	1313	6156	543	53.83	50.97	2.85	76.97	74.11	2.87	55.09	52.06	3.04
Metschnikowia_bicuspidata_NRRL_YB-4993	1456	2526	253	53.99	60.54	-6.56	42.04	48.30	-6.26	13.11	15.53	-2.42
Trametes_versicolor_FP-101664_SS1	1465	2745	601	46.57	46.94	-0.37	77.10	77.25	-0.15	48.44	48.82	-0.37
Henningerozyma_blattae_type_strain_CBS_6284	1506	3654	169	86.68	87.18	-0.49	81.72	80.91	0.81	28.74	29.19	-0.45
Brettanomyces_bruxellensis_UCD_2041	1582	3185	620	87.05	84.12	2.93	80.65	77.17	3.48	42.77	40.69	2.08
Aspergillus_heteromorphus_CBS_117.55	1604	6560	565	57.26	56.30	0.96	73.17	72.49	0.68	59.00	58.32	0.68
Hyphopichia_burtonii_NRRL_Y-1933	1702	3664	597	71.48	71.08	0.40	60.46	60.20	0.26	24.98	25.58	-0.61
Clavispora_lusitaniae_FDAARGOS_655	1713	3491	579	85.74	84.81	0.93	79.24	78.75	0.49	36.23	36.08	0.15
Penicillium_antarcticum_IBT_31339	1730	3131	670	69.30	68.54	0.77	80.20	79.55	0.65	68.82	68.19	0.63
Agaricus_bisporus_JB137-s8	1754	5038	733	45.94	45.00	0.94	77.67	77.41	0.27	47.15	45.86	1.29
Scheffersomyces_amazonensis_UFMG-HMD-26.3	1831	3994	410	82.08	81.29	0.79	73.99	71.21	2.78	38.18	36.43	1.76
Exophiala_mesophila_CBS_40295	1877	3757	627	75.89	74.79	1.10	76.48	75.59	0.89	70.47	69.06	1.41
Aureobasidium_pullulans_EXF-150	1889	5443	621	65.25	65.05	0.20	74.25	73.76	0.49	68.64	67.85	0.79
Kuraishia_capsulata_CBS_1993	2026	3605	247	83.06	84.97	-1.91	78.50	80.40	-1.90	57.61	57.97	-0.35
Cryptococcus_neoformans_H99	2227	4611	922	80.25	79.10	1.15	92.10	91.59	0.51	78.61	77.44	1.17
Neurospora_crassa_OR74A	2380	3937	874	70.64	70.58	0.05	76.91	76.60	0.31	69.86	69.64	0.22
Exophiala_viscosa_JF_03-3F	2536	5297	779	73.35	71.55	1.80	78.70	77.28	1.42	69.93	68.20	1.73
Aspergillus_nidulans_FGSC_A4	2873	5383	1160	56.25	55.67	0.58	70.30	69.95	0.35	53.25	52.59	0.66
Penicillium_oxalicum_HP7-1	2939	5506	1143	65.24	64.72	0.52	79.49	78.76	0.73	65.17	64.54	0.63
Radiomyces_spectabilis_NRRL_2753	3014	6457	1249	60.06	58.91	1.15	82.22	81.57	0.65	60.99	60.14	0.86
Cordyceps_militaris_CM01	3018	5762	1055	52.49	52.28	0.21	63.83	63.40	0.43	47.43	47.00	0.43
Penicillium_solitum_IBT_25940	3183	5648	1212	74.77	72.11	2.66	84.42	82.27	2.15	74.66	72.30	2.37
Aspergillus_puulaauensis_MK2	3302	6022	1193	80.59	78.00	2.59	88.79	87.21	1.59	80.14	77.38	2.77
Botrytis_cinerea_B05.10	3666	7041	1409	84.53	82.18	2.35	88.53	86.81	1.72	81.19	78.99	2.20
Hypoxylon_fragiforme_CBS_206.31	3669	7011	1388	76.54	75.38	1.16	85.15	84.50	0.65	77.10	75.81	1.29
Pochonia_chlamydosporia_170	4189	7614	1408	67.79	66.83	0.97	77.64	76.77	0.87	69.48	68.70	0.78
Colletotrichum_jinshuiense_EsH8	4317	8326	1536	77.16	75.40	1.75	84.93	83.47	1.46	76.82	75.40	1.42
