name	group	stratum	reads	sampled	mapped	map_rate_pct	median_identity_pct	p10_identity_pct	identity_reads	seconds	status
Aspergillus_nidulans_FGSC_A4	control	benchmark	/bigdata/stajichlab/shared/projects/BFD/Fungi_BFD_runs/do_annotation_rc3_pilot/genome_annotation_training/Aspergillus_nidulans_FGSC_A4/training/normalize/left.norm.fq.gz	200000	193016	96.51	100.0	100.0	193016	3	ok
Botrytis_cinerea_B05.10	control	benchmark	/bigdata/stajichlab/shared/projects/BFD/Fungi_BFD_runs/do_annotation_rc3_pilot/genome_annotation_training/Botrytis_cinerea_B05.10/training/normalize/left.norm.fq.gz	200000	198402	99.2	100.0	98.67	198402	5	ok
Cryptococcus_neoformans_H99	control	benchmark	/bigdata/stajichlab/shared/projects/BFD/Fungi_BFD_runs/do_annotation_rc3_pilot/genome_annotation_training/Cryptococcus_neoformans_H99/training/normalize/left.norm.fq.gz	200000	197159	98.58	100.0	100.0	197159	3	ok
Neurospora_crassa_OR74A	control	benchmark	/bigdata/stajichlab/shared/projects/BFD/Fungi_BFD_runs/do_annotation_rc3_pilot/genome_annotation_training/Neurospora_crassa_OR74A/training/normalize/left.norm.fq.gz	200000	191578	95.79	96.67	91.04	191578	4	ok
Schizophyllum_commune_H4-8	control	benchmark	/bigdata/stajichlab/shared/projects/BFD/Fungi_BFD_runs/do_annotation_rc3_pilot/genome_annotation_training/Schizophyllum_commune_H4-8/training/normalize/left.norm.fq.gz	200000	136525	68.26	94.04	89.32	136525	5	ok
Aureobasidium_pullulans_EXF-150	refseq	clean|divergent	/bigdata/stajichlab/shared/projects/BFD/Fungi_BFD_runs/do_annotation_rc3_pilot/genome_annotation_training/Aureobasidium_pullulans_EXF-150/training/normalize/left.norm.fq.gz	200000	184026	92.01	98.02	94.06	184026	3	ok
Malassezia_sympodialis_ATCC_42132	refseq	clean|divergent	/bigdata/stajichlab/shared/projects/BFD/Fungi_BFD_runs/do_annotation_rc3_pilot/genome_annotation_training/Malassezia_sympodialis_ATCC_42132/training/normalize/left.norm.fq.gz	200000	197037	98.52	100.0	100.0	197037	2	ok
Rhizopus_microsporus_ATCC_52813	refseq	clean|divergent	/bigdata/stajichlab/shared/projects/BFD/Fungi_BFD_runs/do_annotation_rc3_pilot/genome_annotation_training/Rhizopus_microsporus_ATCC_52813/training/normalize/left.norm.fq.gz	200000	189757	94.88	100.0	100.0	189757	3	ok
Agaricus_bisporus_JB137-s8	refseq	clean|divergent	/bigdata/stajichlab/shared/projects/BFD/Fungi_BFD_runs/do_annotation_rc3_pilot/genome_annotation_training/Agaricus_bisporus_JB137-s8/training/normalize/left.norm.fq.gz	200000	193341	96.67	98.55	94.56	193341	5	ok
Cordyceps_militaris_CM01	refseq	clean|divergent	/bigdata/stajichlab/shared/projects/BFD/Fungi_BFD_runs/do_annotation_rc3_pilot/genome_annotation_training/Cordyceps_militaris_CM01/training/normalize/left.norm.fq.gz	200000	196015	98.01	99.33	96.67	196015	4	ok
Exophiala_xenobiotica_CBS_118157	refseq	clean|same_strain	/bigdata/stajichlab/shared/projects/BFD/Fungi_BFD_runs/do_annotation_rc3_pilot/genome_annotation_training/Exophiala_xenobiotica_CBS_118157/training/normalize/left.norm.fq.gz	200000	195848	97.92	100.0	100.0	195848	3	ok
Exophiala_mesophila_CBS_40295	refseq	clean|same_strain	/bigdata/stajichlab/shared/projects/BFD/Fungi_BFD_runs/do_annotation_rc3_pilot/genome_annotation_training/Exophiala_mesophila_CBS_40295/training/normalize/left.norm.fq.gz	200000	195618	97.81	100.0	100.0	195618	3	ok
Exophiala_viscosa_JF_03-3F	refseq	clean|same_strain	/bigdata/stajichlab/shared/projects/BFD/Fungi_BFD_runs/do_annotation_rc3_pilot/genome_annotation_training/Exophiala_viscosa_JF_03-3F/training/normalize/left.norm.fq.gz	200000	198084	99.04	100.0	100.0	198084	4	ok
Aspergillus_heteromorphus_CBS_117.55	refseq	clean|same_strain	/bigdata/stajichlab/shared/projects/BFD/Fungi_BFD_runs/do_annotation_rc3_pilot/genome_annotation_training/Aspergillus_heteromorphus_CBS_117.55/training/normalize/left.norm.fq.gz	200000	199049	99.52	100.0	100.0	199049	4	ok
Radiomyces_spectabilis_NRRL_2753	refseq	clean|same_strain	/bigdata/stajichlab/shared/projects/BFD/Fungi_BFD_runs/do_annotation_rc3_pilot/genome_annotation_training/Radiomyces_spectabilis_NRRL_2753/training/normalize/left.norm.fq.gz	200000	197902	98.95	100.0	100.0	197902	4	ok
Suillus_discolor_FC423	refseq	clean|same_strain	/bigdata/stajichlab/shared/projects/BFD/Fungi_BFD_runs/do_annotation_rc3_pilot/genome_annotation_training/Suillus_discolor_FC423/training/normalize/left.norm.fq.gz	200000	176052	88.03	100.0	99.34	176052	5	ok
Williopsis_jadinii_NRRL_Y-1542	refseq	mild|divergent	/bigdata/stajichlab/shared/projects/BFD/Fungi_BFD_runs/do_annotation_rc3_pilot/genome_annotation_training/Williopsis_jadinii_NRRL_Y-1542/training/normalize/left.norm.fq.gz	200000	195430	97.72	99.33	96.03	195430	3	ok
Metschnikowia_bicuspidata_NRRL_YB-4993	refseq	mild|divergent	/bigdata/stajichlab/shared/projects/BFD/Fungi_BFD_runs/do_annotation_rc3_pilot/genome_annotation_training/Metschnikowia_bicuspidata_NRRL_YB-4993/training/normalize/left.norm.fq.gz	200000	67860	33.93	98.67	94.37	67860	2	ok
Brettanomyces_bruxellensis_UCD_2041	refseq	mild|divergent	/bigdata/stajichlab/shared/projects/BFD/Fungi_BFD_runs/do_annotation_rc3_pilot/genome_annotation_training/Brettanomyces_bruxellensis_UCD_2041/training/normalize/left.norm.fq.gz	200000	192275	96.14	98.67	95.97	192275	3	ok
Hyphopichia_burtonii_NRRL_Y-1933	refseq	mild|divergent	/bigdata/stajichlab/shared/projects/BFD/Fungi_BFD_runs/do_annotation_rc3_pilot/genome_annotation_training/Hyphopichia_burtonii_NRRL_Y-1933/training/normalize/left.norm.fq.gz	200000	136581	68.29	99.01	97.03	136581	2	ok
Clavispora_lusitaniae_FDAARGOS_655	refseq	mild|divergent	/bigdata/stajichlab/shared/projects/BFD/Fungi_BFD_runs/do_annotation_rc3_pilot/genome_annotation_training/Clavispora_lusitaniae_FDAARGOS_655/training/normalize/left.norm.fq.gz	200000	193076	96.54	100.0	97.03	193076	3	ok
Naumovozyma_castellii_type_strain_CBS_4309	refseq	mild|same_strain	/bigdata/stajichlab/shared/projects/BFD/Fungi_BFD_runs/do_annotation_rc3_pilot/genome_annotation_training/Naumovozyma_castellii_type_strain_CBS_4309/training/normalize/left.norm.fq.gz	200000	198232	99.12	100.0	100.0	198232	2	ok
Kluyveromyces_lactis_NRRL_Y-1140	refseq	mild|same_strain	/bigdata/stajichlab/shared/projects/BFD/Fungi_BFD_runs/do_annotation_rc3_pilot/genome_annotation_training/Kluyveromyces_lactis_NRRL_Y-1140/training/normalize/left.norm.fq.gz	200000	198407	99.2	100.0	99.33	198407	3	ok
Kuraishia_capsulata_CBS_1993	refseq	mild|same_strain	/bigdata/stajichlab/shared/projects/BFD/Fungi_BFD_runs/do_annotation_rc3_pilot/genome_annotation_training/Kuraishia_capsulata_CBS_1993/training/normalize/left.norm.fq.gz	200000	198048	99.02	100.0	100.0	198048	2	ok
Henningerozyma_blattae_type_strain_CBS_6284	refseq	mild|same_strain	/bigdata/stajichlab/shared/projects/BFD/Fungi_BFD_runs/do_annotation_rc3_pilot/genome_annotation_training/Henningerozyma_blattae_type_strain_CBS_6284/training/normalize/left.norm.fq.gz	200000	196535	98.27	100.0	99.33	196535	3	ok
Saccharomyces_cerevisiae_S288C	refseq	mild|same_strain	/bigdata/stajichlab/shared/projects/BFD/Fungi_BFD_runs/do_annotation_rc3_pilot/genome_annotation_training/Saccharomyces_cerevisiae_S288C/training/normalize/left.norm.fq.gz	200000	197337	98.67	100.0	100.0	197337	3	ok
Scheffersomyces_amazonensis_UFMG-HMD-26.3	refseq	mild|same_strain	/bigdata/stajichlab/shared/projects/BFD/Fungi_BFD_runs/do_annotation_rc3_pilot/genome_annotation_training/Scheffersomyces_amazonensis_UFMG-HMD-26.3/training/normalize/left.norm.fq.gz	200000	197857	98.93	100.0	100.0	197857	4	ok
Trametes_versicolor_FP-101664_SS1	refseq	severe|divergent	/bigdata/stajichlab/shared/projects/BFD/Fungi_BFD_runs/do_annotation_rc3_pilot/genome_annotation_training/Trametes_versicolor_FP-101664_SS1/training/normalize/left.norm.fq.gz	200000	145900	72.95	97.0	92.77	145900	4	ok
Botrytis_deweyae_B1	refseq	severe|divergent	/bigdata/stajichlab/shared/projects/BFD/Fungi_BFD_runs/do_annotation_rc3_pilot/genome_annotation_training/Botrytis_deweyae_B1/training/normalize/left.norm.fq.gz	200000	171536	85.77	95.3	90.0	171536	4	ok
Aspergillus_puulaauensis_MK2	refseq	severe|divergent	/bigdata/stajichlab/shared/projects/BFD/Fungi_BFD_runs/do_annotation_rc3_pilot/genome_annotation_training/Aspergillus_puulaauensis_MK2/training/normalize/left.norm.fq.gz	200000	187169	93.58	98.64	95.04	187169	4	ok
Penicillium_solitum_IBT_25940	refseq	severe|divergent	/bigdata/stajichlab/shared/projects/BFD/Fungi_BFD_runs/do_annotation_rc3_pilot/genome_annotation_training/Penicillium_solitum_IBT_25940/training/normalize/left.norm.fq.gz	200000	192149	96.07	98.64	95.59	192149	4	ok
Pochonia_chlamydosporia_170	refseq	severe|divergent	/bigdata/stajichlab/shared/projects/BFD/Fungi_BFD_runs/do_annotation_rc3_pilot/genome_annotation_training/Pochonia_chlamydosporia_170/training/normalize/left.norm.fq.gz	200000	171665	85.83	98.66	94.7	171665	5	ok
Cokeromyces_recurvatus_NRRL_2243	refseq	severe|same_strain	/bigdata/stajichlab/shared/projects/BFD/Fungi_BFD_runs/do_annotation_rc3_pilot/genome_annotation_training/Cokeromyces_recurvatus_NRRL_2243/training/normalize/left.norm.fq.gz	200000	192445	96.22	100.0	99.34	192445	4	ok
Penicillium_oxalicum_HP7-1	refseq	severe|same_strain	/bigdata/stajichlab/shared/projects/BFD/Fungi_BFD_runs/do_annotation_rc3_pilot/genome_annotation_training/Penicillium_oxalicum_HP7-1/training/normalize/left.norm.fq.gz	200000	193991	97.0	100.0	98.67	193991	3	ok
Aspergillus_thermomutatus_HMR_AF_39	refseq	severe|same_strain	/bigdata/stajichlab/shared/projects/BFD/Fungi_BFD_runs/do_annotation_rc3_pilot/genome_annotation_training/Aspergillus_thermomutatus_HMR_AF_39/training/normalize/left.norm.fq.gz	200000	196669	98.33	100.0	100.0	196669	3	ok
Hypoxylon_fragiforme_CBS_206.31	refseq	severe|same_strain	/bigdata/stajichlab/shared/projects/BFD/Fungi_BFD_runs/do_annotation_rc3_pilot/genome_annotation_training/Hypoxylon_fragiforme_CBS_206.31/training/normalize/left.norm.fq.gz	200000	199023	99.51	100.0	100.0	199023	4	ok
Colletotrichum_jinshuiense_EsH8	refseq	severe|same_strain	/bigdata/stajichlab/shared/projects/BFD/Fungi_BFD_runs/do_annotation_rc3_pilot/genome_annotation_training/Colletotrichum_jinshuiense_EsH8/training/normalize/left.norm.fq.gz	200000	195212	97.61	100.0	99.33	195212	5	ok
Aspergillus_niger_CBS_101883	problem	collapsed_pasa_named	/bigdata/stajichlab/shared/projects/BFD/Fungi_BFD_runs/do_annotation_rc3_pilot/genome_annotation_training/Aspergillus_niger_CBS_101883/training/normalize/left.norm.fq.gz	200000	194869	97.43	100.0	98.0	194869	4	ok
Penicillium_antarcticum_IBT_31339	problem	collapsed_pasa_named	/bigdata/stajichlab/shared/projects/BFD/Fungi_BFD_runs/do_annotation_rc3_pilot/genome_annotation_training/Penicillium_antarcticum_IBT_31339/training/normalize/left.norm.fq.gz	200000	126702	63.35	92.72	88.79	126702	4	ok
Pseudozyma_hubeiensis_SY62	problem	mild_f1_2026-09-11	/bigdata/stajichlab/shared/projects/BFD/Fungi_BFD_runs/do_annotation_rc3_pilot/genome_annotation_training/Pseudozyma_hubeiensis_SY62/training/normalize/left.norm.fq.gz	200000	122399	61.2	94.04	89.73	122399	3	ok
Colletotrichum_siamense_Cg363	sidecar	severe|divergent	/bigdata/stajichlab/shared/projects/BFD/Fungi_BFD_runs/do_annotation_rc3_pilot/genome_annotation_training/Colletotrichum_siamense_Cg363/training/normalize/left.norm.fq.gz								no_reads
Debaryomyces_hansenii_CBS767	sidecar	mild|divergent	/bigdata/stajichlab/shared/projects/BFD/Fungi_BFD_runs/do_annotation_rc3_pilot/genome_annotation_training/Debaryomyces_hansenii_CBS767/training/normalize/left.norm.fq.gz								no_reads
Cryptococcus_deneoformans_B-3501A	sidecar	busco_path_loss	/bigdata/stajichlab/shared/projects/BFD/Fungi_BFD_runs/do_annotation_wave0/genome_annotation_training/Cryptococcus_deneoformans_B-3501A/training/normalize/left.norm.fq.gz	200000	198859	99.43	100.0	99.21	198859	3	ok
