genome	variant	ref_mrnas_total	ref_mrnas_scored	pred_genes_scored	mask_bp	base_sn	base_pr	exon_sn	exon_pr	intron_sn	intron_pr	intron_chain_sn	intron_chain_pr	transcript_sn	transcript_pr	locus_sn	locus_pr
Aspergillus_niger_CBS_101883	pasa_r1	13078	11475	6167	3070154	45.4	96.1	31.7	65.5	35.0	75.9	25.1	44.0	24.6	45.8	24.6	45.8
Aspergillus_niger_CBS_101883	pasa_r2	13078	11475	6168	3070154	45.4	96.2	31.7	65.6	35.0	76.0	25.2	44.1	24.7	45.9	24.7	45.9
Aspergillus_niger_CBS_101883	pasa_r3	13078	11475	6168	3070154	45.4	96.1	31.7	65.7	35.1	76.1	25.3	44.2	24.7	46.0	24.7	46.0
Aspergillus_niger_CBS_101883	busco_r1	13078	11475	9179	3070154	80.5	96.0	53.8	74.0	56.2	80.8	44.1	54.0	45.3	56.6	45.3	56.6
Aspergillus_niger_CBS_101883	busco_r2	13078	11475	9185	3070154	80.5	96.0	53.8	74.0	56.2	80.8	44.2	53.9	45.3	56.6	45.3	56.6
Aspergillus_niger_CBS_101883	busco_r3	13078	11475	9184	3070154	80.5	96.0	53.7	73.9	56.1	80.6	44.0	53.7	45.1	56.4	45.1	56.4
Pseudozyma_hubeiensis_SY62	pasa_r1	7472	5936	4092	2957599	64.7	96.3	29.0	39.1	24.6	28.4	17.3	17.2	34.2	49.6	34.2	49.6
Pseudozyma_hubeiensis_SY62	pasa_r2	7472	5936	4091	2957599	64.7	96.3	29.0	39.1	24.6	28.4	17.2	17.1	34.2	49.7	34.2	49.7
Pseudozyma_hubeiensis_SY62	pasa_r3	7472	5936	4090	2957599	64.7	96.3	29.0	39.0	24.6	28.3	17.3	17.2	34.1	49.6	34.1	49.6
Pseudozyma_hubeiensis_SY62	busco_r1	7472	5936	4782	2957599	86.0	96.1	40.2	50.2	27.2	34.3	18.7	22.3	50.2	62.3	50.2	62.3
Pseudozyma_hubeiensis_SY62	busco_r2	7472	5936	4783	2957599	86.0	96.1	40.2	50.2	27.1	34.3	18.6	22.1	50.3	62.4	50.3	62.4
Pseudozyma_hubeiensis_SY62	busco_r3	7472	5936	4780	2957599	85.9	96.1	40.0	49.9	27.2	34.1	18.5	22.0	50.0	62.1	50.0	62.1
Schizophyllum_commune_H4-8	pasa_r1	16193	14561	10854	3165506	70.1	93.2	58.3	74.7	65.7	83.2	34.6	39.2	29.7	39.8	29.8	39.8
Schizophyllum_commune_H4-8	pasa_r2	16193	14561	10854	3165506	70.1	93.2	58.3	74.7	65.7	83.2	34.6	39.1	29.7	39.8	29.8	39.8
Schizophyllum_commune_H4-8	pasa_r3	16193	14561	10850	3165506	70.1	93.2	58.3	74.7	65.7	83.2	34.6	39.1	29.6	39.8	29.8	39.8
Schizophyllum_commune_H4-8	busco_r1	16193	14561	10953	3165506	79.6	93.4	67.8	78.0	75.3	83.9	40.9	46.9	35.6	47.4	35.8	47.4
Schizophyllum_commune_H4-8	busco_r2	16193	14561	10957	3165506	79.6	93.4	67.8	78.0	75.3	83.9	40.8	46.8	35.5	47.2	35.7	47.2
Schizophyllum_commune_H4-8	busco_r3	16193	14561	10956	3165506	79.6	93.4	67.8	78.0	75.3	83.9	40.8	46.8	35.5	47.2	35.7	47.2
Exophiala_xenobiotica_CBS_118157	pasa_r1	13187	11360	8651	2876625	73.2	98.6	55.0	70.6	62.1	80.6	46.7	56.0	47.4	60.3	50.1	60.3
Exophiala_xenobiotica_CBS_118157	pasa_r2	13187	11360	8652	2876625	73.2	98.6	55.0	70.6	62.2	80.7	46.8	56.1	47.4	60.3	50.2	60.3
Exophiala_xenobiotica_CBS_118157	pasa_r3	13187	11360	8651	2876625	73.2	98.6	55.0	70.7	62.1	80.7	46.7	56.0	47.4	60.4	50.2	60.4
Exophiala_xenobiotica_CBS_118157	busco_r1	13187	11360	9839	2876625	92.0	98.2	71.9	79.2	77.6	84.7	61.4	67.0	63.7	71.3	67.4	71.3
Exophiala_xenobiotica_CBS_118157	busco_r2	13187	11360	9835	2876625	92.0	98.2	71.8	79.1	77.5	84.7	61.3	67.0	63.6	71.2	67.3	71.2
Exophiala_xenobiotica_CBS_118157	busco_r3	13187	11360	9836	2876625	92.0	98.3	71.8	79.0	77.4	84.6	61.1	66.7	63.5	71.1	67.2	71.1
Aspergillus_thermomutatus_HMR_AF_39	pasa_r1	9701	6131	7311	8725618	96.1	90.6	78.1	71.0	81.7	77.3	61.4	52.4	66.5	55.8	66.5	55.8
Aspergillus_thermomutatus_HMR_AF_39	pasa_r2	9701	6131	7311	8725618	96.1	90.6	78.2	71.1	81.7	77.4	61.4	52.4	66.6	55.8	66.6	55.8
Aspergillus_thermomutatus_HMR_AF_39	pasa_r3	9701	6131	7310	8725618	96.1	90.6	78.1	71.0	81.7	77.3	61.3	52.3	66.5	55.8	66.5	55.8
Aspergillus_thermomutatus_HMR_AF_39	busco_r1	9701	6131	7216	8725618	95.3	90.8	76.8	70.6	80.3	76.9	60.0	51.7	64.8	55.1	64.8	55.1
Aspergillus_thermomutatus_HMR_AF_39	busco_r2	9701	6131	7214	8725618	95.3	90.8	76.8	70.6	80.3	76.9	60.1	51.7	64.9	55.1	64.9	55.1
Aspergillus_thermomutatus_HMR_AF_39	busco_r3	9701	6131	7214	8725618	95.3	90.8	76.8	70.6	80.3	76.8	60.1	51.7	64.8	55.1	64.8	55.1
Aspergillus_nidulans_FGSC_A4	pasa_r1	10453	7269	7044	7011396	91.5	93.4	61.6	69.9	62.8	74.6	44.3	50.7	50.9	52.5	50.9	52.5
Aspergillus_nidulans_FGSC_A4	pasa_r2	10453	7269	7044	7011396	91.5	93.4	61.6	70.0	62.9	74.7	44.4	50.8	51.0	52.6	51.0	52.6
Aspergillus_nidulans_FGSC_A4	pasa_r3	10453	7269	7042	7011396	91.5	93.4	61.6	69.9	62.9	74.6	44.4	50.7	50.9	52.5	50.9	52.5
Aspergillus_nidulans_FGSC_A4	busco_r1	10453	7269	6934	7011396	90.6	93.5	60.7	69.6	62.0	74.2	43.5	50.2	49.9	52.3	49.9	52.3
Aspergillus_nidulans_FGSC_A4	busco_r2	10453	7269	6935	7011396	90.7	93.5	60.8	69.7	62.0	74.2	43.5	50.3	50.0	52.4	50.0	52.4
Aspergillus_nidulans_FGSC_A4	busco_r3	10453	7269	6934	7011396	90.7	93.5	60.7	69.6	62.0	74.1	43.4	50.2	49.8	52.2	49.9	52.2
Botrytis_cinerea_B05.10	pasa_r1	13703	9006	8088	9620846	96.0	95.8	84.0	86.4	88.5	90.8	73.2	79.9	74.2	78.5	81.9	78.5
Botrytis_cinerea_B05.10	pasa_r2	13703	9006	8089	9620846	96.0	95.8	83.9	86.3	88.4	90.8	73.1	79.8	74.1	78.3	81.8	78.3
Botrytis_cinerea_B05.10	pasa_r3	13703	9006	8089	9620846	96.0	95.8	83.9	86.4	88.5	90.9	73.2	79.9	74.3	78.5	81.9	78.5
Botrytis_cinerea_B05.10	busco_r1	13703	9006	7904	9620846	94.2	96.1	81.5	85.1	86.8	90.1	70.4	78.1	71.0	76.8	78.3	76.8
Botrytis_cinerea_B05.10	busco_r2	13703	9006	7903	9620846	94.2	96.1	81.4	85.0	86.8	90.0	70.3	77.9	70.9	76.7	78.2	76.7
Botrytis_cinerea_B05.10	busco_r3	13703	9006	7903	9620846	94.2	96.1	81.4	85.0	86.7	89.9	70.3	77.9	70.9	76.6	78.1	76.6
Neurospora_crassa_OR74A	pasa_r1	10784	7948	6410	5270605	85.1	98.0	65.3	77.6	70.5	84.6	57.4	69.1	58.0	68.6	60.6	68.6
Neurospora_crassa_OR74A	pasa_r2	10784	7948	6410	5270605	85.1	98.0	65.3	77.5	70.4	84.5	57.4	68.9	57.9	68.5	60.5	68.5
Neurospora_crassa_OR74A	pasa_r3	10784	7948	6410	5270605	85.1	98.0	65.3	77.7	70.5	84.6	57.4	69.0	58.0	68.6	60.6	68.6
Neurospora_crassa_OR74A	busco_r1	10784	7948	6413	5270605	85.5	98.1	65.2	77.2	70.1	83.6	56.7	68.1	57.6	68.1	60.2	68.1
Neurospora_crassa_OR74A	busco_r2	10784	7948	6413	5270605	85.5	98.1	65.2	77.1	70.1	83.5	56.7	68.1	57.6	68.1	60.2	68.1
Neurospora_crassa_OR74A	busco_r3	10784	7948	6411	5270605	85.5	98.1	65.2	77.2	70.2	83.6	56.6	68.2	57.6	68.1	60.2	68.1
