genome	variant	ref_genes_scored	pred_genes_scored	fp_unmatched	exact	ends_wrong	splice_diff	exons_fewer	exons_more	split	merged	missed	missed_masked	ends_wrong_input_exact	splice_diff_input_exact	exons_fewer_input_exact	exons_more_input_exact	split_input_exact	merged_input_exact	missed_input_exact	missed_masked_input_exact	input_exact_src_Augustus	input_exact_src_HiQ	input_exact_src_GeneMark	input_exact_src_snap	input_exact_src_pasa
Aspergillus_niger_CBS_101883	pasa_r1	8551	4297	46	1671	298	387	868	562	151	16	4596	2	190	179	360	360	59	2	1433	1	13	21	2556	49	1
Aspergillus_niger_CBS_101883	busco_r1	8551	6655	70	3261	413	538	1084	617	226	66	2331	15	186	193	210	270	22	6	278	2	44	30	1057	129	2
Aspergillus_niger_CBS_101883	pasa_own_r1	8551	7351	157	3931	416	452	1067	570	253	50	1800	12	204	109	204	225	17	9	91	3	82	180	665	269	15
Aspergillus_niger_CBS_101883	busco_own_r1	8551	7106	149	3661	411	440	1085	599	253	57	2030	15	204	124	221	246	25	7	186	2	50	149	894	211	13
Pseudozyma_hubeiensis_SY62	pasa_r1	5879	4040	62	1509	719	157	390	793	123	87	2093	8	288	8	16	442	33	10	457	4	10	21	1238	21	1
Pseudozyma_hubeiensis_SY62	busco_r1	5879	4729	79	2276	831	135	462	527	95	199	1341	13	208	12	9	200	6	43	69	2	20	34	512	24	1
Pseudozyma_hubeiensis_SY62	pasa_own_r1	5879	2709	28	946	478	129	298	648	48	62	3255	15	206	21	18	387	11	14	1094	6	5	4	1741	13	0
Pseudozyma_hubeiensis_SY62	busco_own_r1	5879	4657	73	2235	761	167	440	564	88	231	1370	23	156	16	9	236	4	54	81	8	28	6	521	17	0
Schizophyllum_commune_H4-8	pasa_r1	14260	10594	222	3534	619	905	2191	1223	665	681	4422	20	215	300	658	335	138	33	449	4	85	29	1970	143	2
Schizophyllum_commune_H4-8	busco_r1	14260	10690	178	4362	679	966	1676	1393	372	1117	3659	36	191	257	340	295	27	89	228	6	144	21	1182	185	3
Schizophyllum_commune_H4-8	pasa_own_r1	14260	10604	215	3663	610	905	2179	1234	624	679	4349	17	191	309	642	330	126	23	399	3	91	17	1856	129	2
Schizophyllum_commune_H4-8	busco_own_r1	14260	10673	173	4343	676	989	1665	1413	365	1125	3648	36	178	280	334	300	25	86	225	3	142	17	1167	172	2
Exophiala_xenobiotica_CBS_118157	pasa_r1	7948	6451	66	3131	834	407	914	686	167	44	1756	9	475	197	481	497	94	9	898	2	42	18	2570	114	0
Exophiala_xenobiotica_CBS_118157	busco_r1	7948	7474	112	4539	775	418	730	553	103	178	621	31	304	170	278	315	22	63	217	11	64	24	1219	152	0
Exophiala_xenobiotica_CBS_118157	pasa_own_r1	7948	7960	248	5688	475	258	527	404	131	74	383	8	216	100	221	228	27	26	126	5	124	109	747	232	21
Exophiala_xenobiotica_CBS_118157	busco_own_r1	7948	7839	240	5462	464	310	603	432	112	98	450	17	199	123	264	250	25	35	162	5	58	99	923	180	20
Aspergillus_thermomutatus_HMR_AF_39	pasa_r1	6131	7311	607	3684	423	379	482	631	401	10	119	2	283	109	172	305	35	2	53	2	184	162	721	324	7
Aspergillus_thermomutatus_HMR_AF_39	busco_r1	6131	7216	576	3591	415	378	522	661	385	12	161	6	269	107	189	308	33	4	79	4	140	151	793	295	7
Aspergillus_nidulans_FGSC_A4	pasa_r1	6678	6447	327	3108	260	675	1085	520	165	68	790	7	133	125	104	137	7	10	39	1	55	63	274	294	11
Aspergillus_nidulans_FGSC_A4	busco_r1	6678	6336	315	3039	259	674	1090	513	152	95	840	16	135	135	106	131	5	14	64	8	42	60	335	272	12
Aspergillus_nidulans_FGSC_A4	pasa_own_r1	6678	6487	350	3076	260	658	1102	561	167	70	776	8	140	123	116	168	4	6	47	2	62	86	324	307	18
Aspergillus_nidulans_FGSC_A4	busco_own_r1	6678	6414	338	3045	262	665	1090	544	160	86	814	12	145	131	120	146	6	8	61	3	47	83	359	276	18
Botrytis_cinerea_B05.10	pasa_r1	7740	8088	608	5888	484	204	365	407	42	16	331	3	227	78	161	181	16	5	87	1	126	158	545	192	20
Botrytis_cinerea_B05.10	busco_r1	7740	7904	555	5583	516	228	399	472	42	24	470	6	250	97	183	227	18	6	167	3	75	130	806	169	16
Neurospora_crassa_OR74A	pasa_r1	7127	6286	114	3865	493	281	599	555	148	24	1161	1	208	89	245	319	48	9	202	1	48	147	1010	225	8
Neurospora_crassa_OR74A	busco_r1	7127	6290	112	3844	487	306	605	596	128	30	1131	0	211	95	243	339	38	6	189	0	53	133	1019	199	8
Neurospora_crassa_OR74A	pasa_own_r1	7127	6242	102	3918	481	275	566	550	135	28	1171	3	190	86	222	320	40	8	208	2	41	132	965	210	8
Neurospora_crassa_OR74A	busco_own_r1	7127	6258	99	3869	493	303	570	588	130	32	1141	1	204	98	219	335	36	6	193	0	40	126	989	185	8
Trametes_versicolor_FP-101664_SS1	pasa_r1	11371	10588	713	4089	755	985	1296	1734	320	477	1661	54	278	231	375	355	54	48	298	12	164	170	1360	296	25
Trametes_versicolor_FP-101664_SS1	busco_r1	11371	10310	642	4017	780	970	1201	1764	252	633	1689	65	289	240	335	365	40	73	305	7	145	154	1413	278	18
Trametes_versicolor_FP-101664_SS1	pasa_own_r1	11371	10795	813	4104	812	922	1277	1839	316	470	1575	56	307	225	371	405	55	44	250	12	142	206	1371	326	19
Trametes_versicolor_FP-101664_SS1	busco_own_r1	11371	10462	738	3972	830	932	1187	1857	262	593	1674	64	313	228	336	406	41	68	300	10	129	187	1453	298	18
Naumovozyma_castellii_type_strain_CBS_4309	pasa_r1	2267	2057	53	1484	268	4	7	208	2	52	215	27	139	3	1	125	0	4	85	4	9	30	339	4	16
Naumovozyma_castellii_type_strain_CBS_4309	busco_r1	2267	2130	71	1562	266	7	7	174	2	69	149	31	127	2	2	82	1	22	45	6	7	33	265	3	15
Naumovozyma_castellii_type_strain_CBS_4309	pasa_own_r1	2267	2105	52	1672	140	3	4	201	0	48	178	21	42	2	2	110	0	19	61	9	5	15	229	1	18
Naumovozyma_castellii_type_strain_CBS_4309	busco_own_r1	2267	2136	60	1705	174	7	5	151	1	44	161	19	72	2	3	65	0	19	51	4	2	24	195	2	20
