genome	N	draws_pasa/busco	f1_mean	busco_f1	delta_mean	delta_lo95	delta_hi95
Aspergillus_nidulans_FGSC_A4	50	5/3	50.033	52.502	-2.468	-2.746	-2.199
Aspergillus_nidulans_FGSC_A4	100	5/3	51.113	52.502	-1.389	-1.506	-1.279
Aspergillus_nidulans_FGSC_A4	200	5/3	51.695	52.502	-0.806	-0.962	-0.667
Aspergillus_nidulans_FGSC_A4	300	5/3	52.068	52.502	-0.434	-0.594	-0.302
Aspergillus_nidulans_FGSC_A4	500	5/3	52.263	52.502	-0.238	-0.563	0.023
Aspergillus_nidulans_FGSC_A4	750	3/3	52.114	52.502	-0.388	-0.667	-0.145
Aspergillus_nidulans_FGSC_A4	1000	3/3	52.317	52.502	-0.184	-0.318	0.019
Aspergillus_nidulans_FGSC_A4	2000	3/3	52.825	52.502	0.323	0.189	0.490
Aspergillus_nidulans_FGSC_A4	N*						conservative_N*=2000 rho_complete=0.95 rho_keepers=0.88
Botrytis_cinerea_B05.10	50	5/3	75.143	78.461	-3.318	-3.595	-2.988
Botrytis_cinerea_B05.10	100	5/3	76.584	78.461	-1.877	-2.044	-1.720
Botrytis_cinerea_B05.10	200	5/3	78.298	78.461	-0.163	-0.306	-0.017
Botrytis_cinerea_B05.10	300	5/3	78.190	78.461	-0.271	-0.735	0.305
Botrytis_cinerea_B05.10	500	5/3	79.166	78.461	0.705	0.512	0.898
Botrytis_cinerea_B05.10	750	3/3	78.614	78.461	0.153	-0.419	0.505
Botrytis_cinerea_B05.10	1000	3/3	79.210	78.461	0.749	0.519	1.050
Botrytis_cinerea_B05.10	2000	3/3	79.995	78.461	1.534	1.449	1.623
Botrytis_cinerea_B05.10	N*						conservative_N*=1000 rho_complete=0.92 rho_keepers=0.90
Cryptococcus_neoformans_H99	50	5/3	75.730	77.723	-1.993	-2.701	-1.419
Cryptococcus_neoformans_H99	100	5/3	76.888	77.723	-0.836	-1.305	-0.378
Cryptococcus_neoformans_H99	200	5/3	77.948	77.723	0.224	-0.095	0.574
Cryptococcus_neoformans_H99	300	5/3	78.353	77.723	0.630	0.470	0.798
Cryptococcus_neoformans_H99	500	5/3	78.076	77.723	0.353	0.241	0.473
Cryptococcus_neoformans_H99	750	3/3	78.525	77.723	0.801	0.285	1.232
Cryptococcus_neoformans_H99	1000	3/3	78.780	77.723	1.057	0.979	1.174
Cryptococcus_neoformans_H99	2000	3/3	78.732	77.723	1.008	0.822	1.235
Cryptococcus_neoformans_H99	N*						conservative_N*=300 rho_complete=0.92 rho_keepers=0.87
Neurospora_crassa_OR74A	50	5/3	64.029	68.449	-4.419	-5.157	-3.700
Neurospora_crassa_OR74A	100	5/3	66.217	68.449	-2.232	-3.102	-1.612
Neurospora_crassa_OR74A	200	5/3	67.484	68.449	-0.965	-1.226	-0.663
Neurospora_crassa_OR74A	300	5/3	67.210	68.449	-1.238	-1.778	-0.637
Neurospora_crassa_OR74A	500	5/3	68.143	68.449	-0.306	-0.797	0.199
Neurospora_crassa_OR74A	750	3/3	67.744	68.449	-0.705	-1.311	-0.334
Neurospora_crassa_OR74A	1000	3/3	68.659	68.449	0.210	-0.034	0.554
Neurospora_crassa_OR74A	N*						conservative_N*=none rho_complete=0.84 rho_keepers=0.81
